source,target
owv,xdm
owv,wsv
owv,ixb
ara,ddp
yfg,gnt
yfg,qyc
pja,naz
pja,tmb
pja,gxl
sne,zts
sne,bqn
ltp,xic
ltp,zgb
ltp,zjc
svk,fss
svk,xpd
bfh,shj
iez,hoz
iez,ufw
iez,fgq
mhv,jrd
lwu,bhd
lwu,tto
sik,out
jmc,gkc
jmc,vve
jmc,tvr
jmc,rno
jmc,apr
jmc,kfz
jmc,xwu
jmc,har
jmc,zpa
jmc,qxz
jmc,wwt
jmc,yof
jmc,fny
jmc,aqg
jmc,pvw
jmc,pvx
jmc,szn
jmc,wno
jmc,njk
fad,nrj
lho,fad
lho,xdx
lho,kqd
lho,qpt
lho,byg
dcz,fgg
dcz,mwx
vlq,isl
vlq,vhx
vlq,nyz
har,opd
har,khy
har,lid
har,hyn
fed,ocu
fed,nzm
fed,rzv
tts,rbv
pph,nul
pph,ptq
aqg,jlk
aqg,bfk
aqg,xou
mef,cgh
mef,hpx
mef,yhw
mef,npb
bkz,njk
bkz,wno
bkz,pix
bkz,szn
bkz,csv
bkz,pvx
bkz,pvw
bkz,yof
bkz,fny
bkz,aqg
bkz,zpa
bkz,wwt
bkz,qxz
bkz,kfz
bkz,xwu
bkz,har
bkz,apr
bkz,rno
bkz,tvr
bkz,vve
bkz,gkc
gnt,veo
gnt,uha
gnt,yxw
vhb,nrj
vhb,fgq
vhb,hoz
vhb,yln
rbv,fft
rbv,ush
kye,rwv
kye,evw
wkk,dck
wkk,rto
fya,hta
oij,jwx
oij,kiw
dsq,mbz
jsp,plx
jsp,iyi
jsp,mpy
fhl,dxu
fhl,ipb
fhl,ydt
fhl,xln
fhl,pfw
yup,uxg
yup,txf
yup,wnf
hup,wfb
hup,zys
quj,bnz
qmq,yln
qmq,hoz
qmq,fgq
sac,jgq
sac,jrd
lng,cpi
xdz,ufw
xdz,fgq
xdz,hoz
xdz,yln
isl,egi
isl,wsv
isl,ixb
isl,tcq
fwz,nrj
fwz,hoz
fwz,fgq
fwz,ufw
fwz,yln
wsv,icp
wsv,gdx
wsv,bpk
wsv,ofy
wsv,knx
wsv,xyb
wsv,tvq
wsv,mzc
wsv,aiu
wsv,axp
wsv,zpq
wsv,mkb
wsv,qsu
wsv,vkn
wsv,cac
wsv,ktr
wsv,gvq
how,wfb
how,way
how,ohn
how,fks
rco,out
lxz,rws
fnd,gnt
fnd,qyc
vqv,hll
vqv,slp
vqv,gks
vqv,ajf
vqv,zpn
lwo,lxi
hql,dxk
rmv,ajy
rmv,elq
rmv,mhv
rmv,sac
rmv,qqz
gbo,qrs
gbo,gjn
gbo,pjh
azr,ixb
azr,tcq
ufw,vnn
ufw,vul
ufw,xyw
ufw,vxo
ufw,gbi
ufw,ekr
ufw,pxe
ufw,sig
ufw,nij
ufw,aug
ufw,ryc
ufw,ghc
ufw,rpi
ufw,huj
ufw,auy
gqb,fks
gqb,wfb
gqb,way
pdu,npb
pdu,hpx
pdu,yhw
fxq,wkk
fxq,cmx
fxq,ntb
fxq,jxc
cjs,qab
cjs,fya
cjs,gza
dja,hll
kqi,lho
kqi,cve
vwn,ljk
vwn,tlw
vwn,kkz
lpj,zjc
lpj,jmt
lpj,zgb
xbr,zwu
xbr,tls
fgr,wsv
dvm,rad
dvm,vmn
dvm,cby
dvm,emj
isv,fss
isv,xpd
isv,dxk
goa,rad
goa,vmn
goa,gfc
cya,rpc
cya,yep
cya,bgd
wuc,bfh
wuc,ddg
wuc,lqv
wuc,wrx
cpi,nal
cpi,elg
cpi,ddp
njk,wgo
njk,bfk
njk,fbs
pnd,kve
pfw,you
vfq,yln
vfq,ufw
vfq,hoz
ddg,eyy
ddg,lua
ddg,vfq
opd,dsq
opd,xaf
opd,hwy
rpc,way
rpc,wfb
rpc,fks
rpc,ohn
yzk,out
lzo,dxk
esh,kpl
esh,tdh
esh,ufu
esh,ias
ais,qop
ais,fbo
wwc,fss
wwc,dxk
jxc,rto
jxc,hjk
lua,nrj
lua,ufw
lua,yln
naz,way
naz,zys
naz,fks
lqv,vfq
lqv,lua
xyw,adv
xyw,ont
dws,ohn
dws,zys
dws,way
ucn,rxb
jpe,wsv
qsu,ymw
qsu,exf
qsu,kda
fbo,nhv
hvl,lxz
hvl,nbk
ont,gta
ont,lxi
ont,vnv
ont,ucn
qab,moo
qab,oym
qab,hta
tdh,pja
tdh,rpw
sgl,gpr
sgl,ctu
lnq,vlq
tgl,eqz
tgl,qyc
tgl,gnt
hpx,jgb
hpx,lnz
hem,hpc
hem,dvm
hem,goa
hem,idw
grr,ohn
grr,fks
grr,wfb
grr,way
grr,zys
vxq,hpx
vxq,yhw
vxq,cgh
vxq,npb
zfp,gnn
zfp,oxk
zfp,yiw
zfp,rfo
xvj,hql
xkc,top
xkc,phm
xkc,bnz
utw,vli
utw,cpi
utw,ara
mny,yln
mny,ufw
yqi,kjk
yqi,mxt
yqi,ijw
zee,gxf
zee,rws
zee,kye
mrs,oij
mrs,zee
mrs,nbk
mrs,lxz
bjd,kye
oxk,dvg
oxk,unm
jgb,kim
jgb,bxs
jgb,fxq
rie,mpn
rie,vqv
oiq,nhv
oiq,kll
oiq,xpr
veo,ini
veo,nef
veo,zgz
vma,pwn
vma,hvg
vma,wwc
vma,pfm
xic,gkk
yep,way
yep,zys
yep,ohn
zlo,wuc
zlo,qql
zlo,trk
zlo,oup
vxo,ret
vxo,kfy
vxo,yfg
hwy,mms
hwy,mvv
hwy,spz
zuy,uks
fgg,isv
fgg,lpd
fgg,hql
gfc,vfk
mvv,gyo
zbs,jbh
zbs,gyo
ttu,kpl
npb,uww
npb,jgb
npb,lnz
rii,fgq
rii,nrj
ptq,ixb
ptq,xdm
ptq,egi
ywc,xkc
qex,oiq
vna,hsy
vna,tto
vna,tvu
dcb,csx
dcb,pgc
sgt,phm
sgt,bnz
rpi,qex
rpi,pgs
gyo,ohn
gyo,fks
gyo,wfb
gyo,zys
ctu,uxq
ctu,eqv
ctu,ccq
icp,xvh
icp,yyj
icp,ynl
icp,asp
oxq,yln
oxq,hoz
dvg,out
htn,cze
iti,xpd
nsh,dck
nsh,hjk
gbi,ais
bli,yln
bli,hoz
bli,fgq
bli,nrj
cyi,tcq
cyi,ixb
cyi,egi
toh,fxx
shj,nrj
shj,yln
shj,ufw
shj,fgq
shj,hoz
zpq,jvs
zpq,gem
zpq,jgp
ljk,sik
ljk,kab
axp,plx
axp,ers
axp,mpy
axp,yzv
axp,iyi
kab,out
elq,jgq
elq,rzw
jgq,rco
jgq,qpy
hjx,wfb
hjx,ohn
xln,elb
xln,ifr
xln,you
inv,xvj
inv,fgg
inv,mwx
inv,bhl
nal,zrk
nal,ljk
nal,wow
nal,tlw
psc,lxz
psc,bjd
psc,zee
psc,oij
wto,fft
mxt,dli
knx,iyi
knx,ers
knx,plx
kda,bwt
kda,kna
kda,vma
kda,fsc
kda,azi
ush,nyz
ush,oug
ush,isl
hdr,tdl
hdr,jpo
qfl,rgv
qfl,gqb
qfl,dbo
gus,yyy
gus,mup
gus,dws
tpd,ory
tpd,tfc
vli,nal
jmt,gkk
jmt,cpg
jmt,iez
szn,hcl
szn,xfa
mbs,eeu
mbs,aqy
mbs,gus
nmk,vwn
nmk,nal
vzq,azr
jpo,txf
fbl,out
tto,jpe
tto,roy
tto,cxz
xpd,xbr
xpd,uzr
xpd,vcm
xpd,qua
xpd,fxv
xpd,prt
xpd,yra
xpd,gam
xpd,ogt
xpd,kqi
xpd,hdr
xpd,ccp
xpd,xpe
xpd,bcx
xpd,toh
xpd,ewo
xpd,hik
xpd,unz
xpd,pum
xpd,yqi
xpd,koe
xpd,ypi
xpd,lpj
xpd,odq
ppj,txf
pgc,dxk
zuk,wgn
zuk,wsr
zuk,kxl
rwv,out
nzm,rmv
xwh,jgp
xwh,gem
xwh,jvs
idn,doi
idn,mpm
idn,cvb
jbj,wsv
jbj,ixb
zwu,qpt
zwu,xdx
iwh,nhv
iwh,kll
iwh,xpr
iwh,plw
cpg,fgq
cpg,ufw
cpg,yln
cpg,nrj
qcd,idw
qcd,dvm
qcd,vfm
qcd,hpc
asp,dsb
asp,zkf
asp,mjn
hla,utw
hla,wfw
hkc,fuk
hkc,gix
yxw,zgz
yxw,ini
hoc,fgq
hoc,yln
qkx,cyi
qkx,fod
qkx,hop
qkx,azr
tls,fad
tls,kqd
tls,qpt
tls,byg
xhy,gfd
blh,cvb
blh,gws
blh,ipe
mup,fks
mup,ohn
mup,zys
mup,way
qyc,uha
qyc,yxw
hik,kjk
hik,mxt
hik,ijw
bhd,cxz
bhd,roy
bhd,jpe
ejj,qmq
ejj,mjc
ejj,vis
ejj,adj
cxz,xdm
cxz,egi
cxz,ixb
cxz,tcq
qry,dhj
ylo,elb
ylo,ifr
ofy,rol
aiu,xqb
aiu,cgm
aiu,xaz
aiu,pkh
gza,oym
gza,moo
yra,jpo
uxg,oxq
uxg,rii
uxg,bli
jvy,bqn
jvy,mbs
jvy,cze
pbi,jsw
ixd,out
ohu,elb
nlg,ohn
nlg,fks
nlg,wfb
nlg,zys
azi,pwn
azi,pfm
azi,hvg
rno,esh
rno,gfe
vnn,tgl
vnn,kfy
vnn,fnd
vnn,ret
bdg,ynl
yrs,wuw
zdd,nsh
zdd,cmx
zdd,wkk
kve,out
kto,wsr
kto,pph
kto,kxl
nef,ifr
nef,elb
gkc,zwb
gkc,qfl
gkc,hcl
xxp,yiw
xxp,gnn
jeu,tak
uzn,mhv
uzn,qqz
uzn,ajy
uzn,sac
uzn,elq
ryc,hxk
dbo,zys
dbo,fks
zjh,nzm
zjh,ocu
xul,hpx
xul,cgh
xul,npb
rsz,lwo
way,zuk
way,paf
way,pna
way,ehe
way,bxh
gfe,tdh
gfe,kpl
gfe,zsh
gfe,ias
exf,vma
exf,fsc
exf,kna
exf,bwt
exf,azi
plx,hkc
plx,oqh
wwt,aor
ogt,elj
ogt,zlo
epp,mfm
vul,fpk
vul,dja
jsw,xvj
jsw,fgg
jsw,mwx
jsw,uvj
jsw,bhl
bgr,gkc
bgr,apr
bgr,vve
bgr,tvr
bgr,kfz
bgr,xwu
bgr,zpa
bgr,wwt
bgr,qxz
bgr,yof
bgr,fny
bgr,pvw
bgr,wmx
bgr,csv
bgr,szn
bgr,pix
bgr,wno
ixb,oou
ixb,gvq
ixb,pbi
ixb,pjt
ixb,ktr
ixb,cac
ixb,zrh
ixb,bdg
ixb,qsu
ixb,raj
ixb,mkb
ixb,zpq
ixb,axp
ixb,jsp
ixb,mzc
ixb,tvq
ixb,xyb
ixb,uxf
ixb,ofy
ixb,bpk
ixb,icp
ixb,rkw
hsy,roy
iqc,yfg
dsb,iuz
dsb,dcb
dsb,ufr
gam,zjc
mbz,gyo
mbz,hjx
gga,ush
gga,vlq
zru,bhd
zru,tvu
jbf,spz
jbf,mbz
jbf,zbs
qql,bfh
qql,lqv
qql,xzr
mpm,iti
mpm,amu
mpm,jur
syl,xpd
syl,fss
tvr,wgo
tvr,xou
tvr,fbs
tvr,jlk
kfy,eqz
kfy,qyc
kfy,gnt
kfy,jaj
cgh,uww
zpa,lid
lug,lnq
lug,jwf
lug,gga
bvf,pgs
bvf,qex
bvf,crh
bvf,xmp
bix,fwz
bix,rdv
bix,xdz
wgn,ptq
wgn,nul
adv,vnv
adv,lxi
adv,gta
adv,dac
kbu,fss
kbu,xpd
cmw,ngs
cmw,fhl
cmw,uks
ajf,rem
ajf,xmv
poq,you
poq,elb
pum,yup
pum,tdl
pum,jpo
vnv,ksh
fwb,thg
fwb,xrj
fwb,kve
imh,dhj
imh,gly
hoz,ghc
hoz,bvf
hoz,auy
hoz,jwy
hoz,cmw
hoz,rie
hoz,gbi
hoz,rsz
hoz,aug
iry,isj
iry,svk
rad,vfk
hxk,ylo
hxk,wte
hxk,poq
jwf,fft
jwf,vlq
pix,teb
pix,xhy
cbh,fss
wrx,shj
wrx,hoc
wrx,vfq
wrx,lua
aor,cya
aor,rch
ajy,jrd
jgp,blh
jgp,njl
paf,bhd
paf,tvu
gcu,fxq
gcu,bxs
gcu,kim
wuw,mfm
wuw,svk
rxz,you
rxz,ifr
rkw,plx
rkw,mpy
rkw,yzv
rkw,iyi
pkh,zxd
pkh,bny
pkh,syl
pkh,cbh
mwx,lpd
mwx,isv
csx,xpd
csx,dxk
iuz,mmb
iuz,kbu
iuz,ask
iuz,pgc
mpy,yrs
nbk,kiw
jjp,ocu
jjp,nzm
fxx,gpr
xyb,xaz
xyb,cgm
xyb,pkh
raj,inv
raj,dcz
tcq,uxf
tcq,knx
tcq,ofy
tcq,gdx
tcq,rkw
tcq,mzc
tcq,tvq
tcq,zrh
tcq,vkn
tcq,xwh
tcq,raj
tcq,mkb
tcq,zpq
tcq,aiu
tcq,oou
tcq,pjt
tcq,ktr
tcq,cac
unm,out
elj,trk
elj,wuc
ymj,out
lnz,fxq
lnz,kim
lnz,bxs
ifr,rds
ifr,bce
ifr,jjp
ifr,xul
ifr,vxq
ifr,qcd
ifr,zjh
ifr,nei
ifr,tpd
ifr,hfb
ifr,ubd
ifr,ktk
ifr,zcw
ifr,bmv
ifr,hla
ifr,oim
ifr,xif
ifr,jhj
ifr,pdu
ifr,fed
ifr,hem
ifr,ywc
ifr,mnh
ccp,tls
ccp,zwu
ccp,lho
ddp,kkz
pik,xrj
pik,thg
lpd,xpd
kqd,nrj
kqd,hoz
kqd,fgq
kqd,yln
vfm,rad
vfm,vmn
vfm,gfc
vfm,cby
hjk,out
mzc,hvf
mzc,dcz
mzc,jsw
ufu,flz
ufu,pja
hii,gqb
hii,dbo
hii,rgv
hii,zau
bhl,hql
ydt,elb
hvf,bhl
hvf,uvj
coz,plw
coz,xpr
tfc,hvl
tfc,mrs
bfk,uue
bfk,how
cby,nnk
cby,gpp
adj,yln
adj,hoz
adj,fgq
adj,nrj
vcm,lho
vcm,zwu
vcm,cve
vcm,tls
bag,cyi
bag,mnn
bag,azr
jur,dxk
nul,egi
nul,tcq
gpr,ccq
gpr,eqv
gpr,uxq
aqy,yyy
aqy,mup
bxh,wto
bxh,lnq
bxh,jwf
gly,qab
gly,gza
qrs,jiv
idw,cby
cac,mam
zau,wfb
zau,way
zau,zys
zau,ohn
zau,fks
yhw,lnz
yhw,gcu
nyz,ixb
mnh,rzv
mnh,ocu
nqc,vwr
nqc,tup
nqc,rxz
fss,qua
fss,ewo
fss,toh
fss,ccp
fss,hdr
fss,kqi
fss,bcx
fss,ltp
fss,xbr
fss,xpe
fss,ypi
fss,koe
fss,yqi
fss,odq
fss,gam
fss,yra
fss,sud
fss,pum
fss,unz
fss,fxv
fss,prt
xaf,zbs
xaf,mbz
xaf,spz
xaf,mvv
xaf,mms
zys,vna
zys,qry
zys,imh
zys,pna
zys,sko
zys,lwu
zys,azb
zys,usq
zys,jbz
zys,tts
zys,zuk
zys,paf
zys,bxh
zys,gbo
zys,qzt
zys,ogg
buo,elq
buo,ajy
buo,qqz
buo,mhv
aai,icq
zpz,you
zpz,elb
zpz,ifr
trk,xzr
trk,ddg
eus,ufr
eus,dcb
eus,iuz
hfb,tfc
hfb,phi
moo,nfq
moo,iob
qpy,out
emj,nnk
emj,apb
emj,vfk
jrd,ymj
jrd,qpy
jrd,fbl
fod,xdm
fod,wsv
bxs,ntb
bxs,jxc
bxs,cmx
bxs,nsh
eqz,vta
hpc,vmn
hpc,cby
hpc,emj
hpc,gfc
yzv,oqh
yzv,hkc
ngs,ydt
ngs,dxu
ngs,xln
sko,gjn
sko,pjh
sko,svj
sko,qrs
gem,blh
gem,idn
gem,njl
uzr,yup
uzr,ppj
uzr,tdl
xrj,out
gix,isj
vkn,hvf
vkn,jsw
vkn,inv
vkn,dcz
sud,cjq
sud,rea
sud,fxx
fks,imh
fks,jbz
fks,usq
fks,dgw
fks,lug
fks,xym
fks,azb
fks,kto
wow,sik
jbz,gga
jbz,wto
jbz,rbv
jbz,jwf
yof,hyn
yof,khy
kll,elb
uvr,nlg
uvr,crt
uxf,plx
uxf,ers
uxf,mpy
uxf,iyi
xym,lnq
xym,rbv
xym,gga
xym,wto
bce,quj
bce,xkc
hti,egi
hti,xdm
hti,ixb
hti,tcq
rea,ctu
rea,gpr
rea,tak
egi,ofy
egi,rkw
egi,mzc
egi,tvq
egi,xyb
egi,bdg
egi,zrh
egi,raj
egi,xwh
egi,axp
egi,cac
egi,pjt
egi,pbi
ufr,ask
ufr,csx
ufr,mmb
pgs,oiq
pgs,iwh
pgs,fbo
uyx,cya
gxl,ohn
gxl,zys
gxl,wfb
kxl,hti
vta,ini
azb,kxl
njl,ipe
njl,gws
njl,mpm
njl,doi
fbs,uue
fbs,spk
odq,cjq
odq,jeu
odq,rea
dxu,you
dxu,ifr
dxu,elb
prt,zlo
prt,elj
pfm,dxk
pfm,xpd
bwt,hvg
bwt,wwc
xif,utw
xif,lng
jbh,ohn
jbh,fks
jbh,wfb
jbh,way
jbh,zys
svj,bag
svj,vzq
svj,jiv
svj,wid
vhx,xdm
vhx,egi
vhx,wsv
vfk,yyu
vfk,fwb
gfd,tnz
gfd,yep
gfd,rpc
jlk,spk
jlk,how
kna,wwc
kna,hvg
kna,pwn
rqj,bjd
rqj,nbk
rqj,zee
zrh,jvs
rpw,grr
rpw,tmb
rpw,gxl
ehe,cjs
ehe,gly
mms,gyo
mms,jbh
mms,hjx
gks,rem
pvw,xfa
pvw,hii
pvw,zwb
ret,gnt
ret,jaj
ret,eqz
zgz,you
zgz,elb
xqb,cbh
xqb,lzo
xqb,zxd
top,xhz
top,ojy
top,zfp
top,arm
crt,wfb
crt,ohn
arm,rfo
arm,xlf
arm,oxk
tvu,roy
tvu,jpe
amu,fss
amu,dxk
ipb,elb
huj,ont
lxi,ksh
ewo,zjc
aum,cya
apb,zjg
apb,pnd
apb,pik
apb,yyu
rdv,nrj
rdv,fgq
rdv,hoz
gjn,wid
gjn,jiv
gjn,vzq
gjn,bag
ekr,hxk
ekr,sth
tvq,xqb
tvq,xaz
tvq,imo
aem,vis
nei,lng
nei,wfw
elb,hfb
elb,tpd
elb,jhj
elb,nei
elb,zcw
elb,mnh
elb,ywc
elb,ktk
elb,hem
elb,bce
elb,rds
elb,zjh
elb,xif
elb,oim
elb,qcd
elb,hla
elb,bmv
glp,ufu
glp,zsh
glp,ias
glp,tdh
glp,kpl
uks,pfw
uks,xln
khy,dsq
khy,xaf
khy,hwy
khy,jbf
koe,ppj
koe,yup
koe,tdl
koe,jpo
mnn,egi
mnn,tcq
mnn,ixb
roy,tcq
roy,wsv
roy,xdm
roy,egi
fft,oug
fft,isl
fft,jbj
csv,gfe
csv,ttu
csv,glp
fsc,pfm
ypi,zgb
apg,out
vwr,you
vwr,elb
vwr,ifr
ubd,ocu
zxd,dxk
zxd,xpd
oup,bfh
zjg,ytp
aug,fhl
aug,uks
imo,bny
rzv,uzn
rzv,buo
yiw,hnr
yiw,dvg
gvq,pkh
gvq,imo
gvq,xaz
gvq,cgm
ohn,azb
ohn,qzt
ohn,vna
ohn,kto
xdx,hoz
xdx,fgq
xdx,ufw
xdx,yln
zjc,vhb
zjc,iez
zjc,gkk
zjc,cpg
fuk,isj
fuk,svk
elg,zrk
crh,qop
crh,coz
crh,oiq
eyy,fgq
ocu,rmv
ocu,uzn
uvj,isv
uvj,lpd
uvj,hql
oym,owv
oym,nfq
dhj,fya
dhj,gza
tdl,wnf
tdl,txf
pxe,ngs
uue,zys
uue,way
uue,wfb
uue,ohn
zgb,vhb
ata,fhl
ata,uks
thg,out
kfz,uyx
kfz,xhy
kfz,aum
npr,yln
npr,ufw
pvx,teb
pvx,uyx
gxf,apg
vth,fks
vth,ohn
hop,wsv
ynl,zkf
ynl,paw
cvb,jur
cvb,amu
cvb,iti
pna,pjh
nfq,ixb
nfq,egi
nfq,xdm
qqz,rzw
byg,ufw
cmx,rto
nij,mpn
nij,dja
nij,fpk
xou,how
rws,evw
rws,rwv
rws,ixd
ntb,hjk
unz,jeu
unz,sgl
cve,kqd
cve,qpt
cve,fad
cve,xdx
wnf,mny
eqo,ejj
eqo,aem
bmv,idw
bmv,vfm
hvg,xpd
hvg,fss
hvg,dxk
jwx,rwv
xlf,unm
icq,you
vmn,gpp
kkz,khs
kkz,yzk
kkz,woz
kkz,kab
yks,xha
yks,qmq
yks,vis
yks,adj
spz,hjx
spz,jbh
xha,nrj
rgv,ohn
rgv,way
rgv,wfb
ncv,qxz
ncv,wwt
ncv,fny
ncv,yof
ncv,aqg
ncv,gkc
ncv,vve
ncv,rno
ncv,apr
ncv,szn
ncv,njk
ncv,wmx
ncv,csv
gpp,pik
gpp,zjg
gpp,pnd
rxb,you
rxb,elb
zsh,rpw
zsh,flz
bqn,uvr
bqn,eeu
bqn,gus
bnz,xhz
bnz,ojy
bnz,xxp
ask,xpd
ask,fss
mjc,nrj
mjc,fgq
mjc,ufw
mjc,yln
svr,jmc
svr,red
svr,bgr
svr,ncv
svr,bkz
xfa,gqb
xfa,dbo
ijw,eqo
phm,arm
phm,zfp
phm,xhz
oim,xkc
evw,out
red,pvw
red,yof
red,fny
red,wwt
red,zpa
red,qxz
red,har
red,xwu
red,vve
red,rno
red,gkc
red,njk
red,wno
red,pix
red,csv
red,pvx
kjk,nyc
kjk,dli
wte,ifr
wte,elb
vwo,oup
ipe,amu
jvs,njl
jvs,idn
jvs,blh
fny,uyx
fny,aum
mkb,exf
kpl,flz
fpk,slp
fpk,gks
fpk,hll
plw,you
plw,ifr
plw,elb
jhj,phi
jhj,tfc
rol,dsb
rol,eus
rol,mjn
rol,paw
paw,iuz
rto,out
jaj,veo
jaj,uha
isj,fss
isj,xpd
isj,dxk
oug,ixb
oug,tcq
oug,wsv
oug,egi
oug,xdm
nyc,ejj
nyc,aem
nyc,smw
hnr,out
wfb,xym
wfb,gbo
wfb,ogg
wfb,qzt
wfb,jbz
wfb,tts
wfb,paf
wfb,zuk
wfb,kto
wfb,sko
wfb,lwu
wfb,azb
wfb,zru
wfb,lug
wfb,imh
wfb,pna
woz,out
nrj,huj
nrj,rpi
nrj,bvf
nrj,ghc
nrj,ata
nrj,rsz
nrj,rie
nrj,iqc
nrj,ryc
nrj,jwy
nrj,nij
nrj,sig
nrj,ekr
nrj,pxe
nrj,vxo
nrj,gbi
nrj,zuy
nrj,vul
sig,sth
sig,aai
ghc,kfy
ghc,yfg
ghc,fnd
rem,rxz
rds,phi
rds,ory
nhv,ifr
uxq,fwz
uxq,npr
uxq,xdz
pwn,fss
dck,out
kim,nsh
kim,cmx
kim,wkk
kim,ntb
kim,jxc
yyj,paw
yyj,mjn
ytp,out
lid,xaf
lid,dsq
lid,mib
lid,jbf
apr,glp
apr,ttu
apr,esh
qxz,htn
qxz,jvy
qxz,zlc
xhz,xlf
xhz,yiw
ias,rpw
spk,fks
spk,ohn
spk,zys
spk,way
qua,zlo
qua,vwo
zlc,zts
ini,elb
ini,ifr
uha,ini
uha,zgz
uha,nef
ccq,fwz
ccq,rdv
ccq,npr
xmp,qop
xmp,fbo
xmp,coz
jiv,hop
jiv,azr
jiv,mnn
jiv,fod
jiv,cyi
rzw,qpy
zwb,dbo
zwb,zau
mmb,fss
mmb,xpd
qpt,yln
qpt,nrj
ktr,jgp
ktr,gem
mpn,ajf
mpn,zpn
mpn,hll
mpn,slp
mpn,gks
rfo,dvg
vve,sne
vve,jvy
vve,zlc
wgo,vth
wgo,how
yyu,thg
dac,rxb
dac,zpz
rch,yep
rch,bgd
rch,rpc
doi,iti
doi,amu
doi,jur
bcx,kjk
bcx,mxt
xzr,lua
xzr,vfq
xzr,shj
xzr,hoc
tup,elb
wno,fbs
wno,jlk
wno,bfk
hta,iob
hta,nfq
hta,owv
ksh,you
gnn,hnr
tmb,way
cgm,zxd
cgm,bny
flz,grr
flz,naz
flz,tmb
fgq,bvf
fgq,ata
fgq,rpi
fgq,auy
fgq,nij
fgq,cmw
fgq,rie
fgq,ryc
fgq,iqc
fgq,pxe
fgq,ekr
fgq,vul
fgq,vnn
fgq,gbi
fgq,zuy
mam,azi
mam,kna
mam,vma
mam,fsc
dgw,wgn
dgw,wsr
kiw,evw
kiw,rwv
kiw,ixd
cjq,gpr
khs,out
auy,fpk
auy,dja
auy,vqv
hyn,xaf
hyn,dsq
hyn,mib
hyn,jbf
smw,vis
smw,adj
smw,xha
smw,mjc
tnz,way
tnz,zys
tnz,ohn
tnz,fks
zrk,sik
zrk,woz
zrk,kab
zrk,khs
zrk,yzk
slp,xmv
slp,nqc
teb,cya
teb,rch
teb,gfd
jwy,aai
jwy,hxk
jwy,sth
gkk,hoz
ers,yrs
ers,oqh
bny,fss
bny,xpd
bny,dxk
dli,yks
dli,smw
eeu,dws
eeu,nlg
ory,mrs
ory,rqj
ory,psc
iob,xdm
iob,egi
iob,wsv
iob,tcq
sth,wte
sth,poq
sth,ohu
sth,icq
xmv,rxz
xmv,tup
xmv,kac
hcl,dbo
hcl,zau
hcl,rgv
hcl,hup
you,mef
you,jhj
you,nei
you,tpd
you,ubd
you,jjp
you,mnh
you,ktk
you,xif
wmx,htn
wmx,jvy
mjn,iuz
xdm,xyb
xdm,icp
xdm,ofy
xdm,pbi
xdm,ktr
xdm,aiu
xdm,zpq
xdm,axp
xdm,xwh
xdm,raj
xdm,vkn
xdm,zrh
xdm,bdg
xdm,qsu
gdx,xqb
gdx,cgm
gdx,xaz
gdx,imo
gdx,pkh
cze,uvr
qop,plw
ktk,utw
ktk,wfw
yyy,ohn
yyy,way
usq,wsr
usq,pph
tak,bix
pjt,dcz
xaz,zxd
xaz,lzo
xpe,zlo
xpe,vwo
zpn,rem
ogg,cjs
gta,ksh
gta,zpz
gta,rxb
phi,rqj
phi,hvl
phi,mrs
zts,eeu
zts,uvr
zts,aqy
zts,gus
tlw,sik
tlw,woz
tlw,yzk
ymw,fsc
ymw,vma
ymw,kna
wid,hop
wid,fod
xvh,zkf
xvh,dsb
xvh,eus
bgd,ohn
bgd,fks
bgd,wfb
bgd,way
bgd,zys
txf,rii
txf,oxq
wfw,ara
wfw,nmk
wfw,vli
mib,zbs
mib,mvv
xpr,you
xpr,elb
xwu,bfk
xwu,wgo
xwu,xou
xwu,jlk
xwu,fbs
zkf,dcb
oou,asp
oou,rol
oou,xvh
yln,sig
yln,xyw
yln,zuy
yln,ata
kac,you
nnk,pik
nnk,yyu
nnk,zjg
nnk,fwb
ojy,yiw
ojy,oxk
ojy,gnn
ojy,rfo
ojy,xlf
dxk,sud
dxk,unz
dxk,pum
dxk,hik
dxk,odq
dxk,lpj
dxk,yqi
dxk,ypi
dxk,koe
dxk,ltp
dxk,bcx
dxk,kqi
dxk,ccp
dxk,toh
dxk,ewo
dxk,prt
dxk,fxv
dxk,yra
dxk,gam
dxk,ogt
dxk,xbr
dxk,qua
dxk,vcm
dxk,uzr
gws,iti
gws,amu
zcw,xkc
zcw,sgt
zcw,quj
qzt,dhj
qzt,cjs
mfm,dxk
bpk,ynl
bpk,yyj
bpk,asp
bpk,rol
bpk,xvh
pjh,qkx
pjh,vzq
pjh,bag
iyi,oqh
iyi,hkc
wsr,fgr
wsr,hti
wsr,ptq
oqh,epp
oqh,iry
oqh,fuk
oqh,gix
oqh,wuw
uww,fxq
uww,zdd
hll,rem
hll,nqc
eqv,fwz
vis,nrj
vis,ufw
vis,fgq
fxv,jeu
